-- phpMyAdmin SQL Dump
-- version 5.2.1
-- https://www.phpmyadmin.net/
--
-- Host: 127.0.0.1
-- Waktu pembuatan: 07 Jul 2025 pada 03.55
-- Versi server: 10.4.32-MariaDB
-- Versi PHP: 8.2.12

SET SQL_MODE = "NO_AUTO_VALUE_ON_ZERO";
START TRANSACTION;
SET time_zone = "+00:00";


/*!40101 SET @OLD_CHARACTER_SET_CLIENT=@@CHARACTER_SET_CLIENT */;
/*!40101 SET @OLD_CHARACTER_SET_RESULTS=@@CHARACTER_SET_RESULTS */;
/*!40101 SET @OLD_COLLATION_CONNECTION=@@COLLATION_CONNECTION */;
/*!40101 SET NAMES utf8mb4 */;

--
-- Database: `stat_provinsi_riau`
--

-- --------------------------------------------------------

--
-- Struktur dari tabel `apbd_lampiran_1`
--

CREATE TABLE `apbd_lampiran_1` (
  `id` int(11) NOT NULL,
  `tahun` int(5) DEFAULT NULL,
  `id_kode_urut` int(5) DEFAULT NULL,
  `jumlah_anggaran` decimal(18,2) DEFAULT NULL,
  `jumlah_perubahan` decimal(18,2) DEFAULT NULL,
  `id_jenis_apbd` int(5) DEFAULT NULL
) ENGINE=InnoDB DEFAULT CHARSET=utf8mb4 COLLATE=utf8mb4_general_ci;

--
-- Dumping data untuk tabel `apbd_lampiran_1`
--

INSERT INTO `apbd_lampiran_1` (`id`, `tahun`, `id_kode_urut`, `jumlah_anggaran`, `jumlah_perubahan`, `id_jenis_apbd`) VALUES
(15, 2024, 3, 4382173075085.00, 4534110558510.00, 2),
(16, 2024, 4, 25970361800.00, 16924726800.00, 2),
(17, 2024, 5, 1097539778218.00, 1693001556211.00, 2),
(18, 2024, 6, 479254329491.00, 538889285285.00, 2),
(19, 2024, 8, 4069181213000.00, 4329608655466.00, 2),
(20, 2024, 12, 7780040000.00, 8939052000.00, 2),
(21, 2024, 18, 2945575346348.00, 3146292156105.16, 2),
(22, 2024, 27, 2956052133050.00, 3087686188788.49, 2),
(23, 2024, 21, 567889708670.00, 575176581269.00, 2),
(24, 2024, 22, 44130184000.00, 22622182000.00, 2),
(25, 2024, 26, 20700000000.00, 4426205871.00, 2),
(26, 2024, 28, 310377810166.00, 356274437420.00, 2),
(27, 2024, 48, 383327474779.00, 379606494578.00, 2),
(28, 2024, 49, 1460398466983.00, 1673462309033.00, 2),
(29, 2024, 50, 36614830000.00, 35891442600.00, 2),
(30, 2024, 51, 267734040.00, 272734040.00, 2),
(31, 2024, 31, 40075754136.00, 15000000000.00, 2),
(32, 2024, 33, 1794967836279.00, 1459463088634.35, 2),
(33, 2024, 52, 460003379000.00, 434411379000.00, 2),
(34, 2024, 55, 958481859857.00, 69111365067.00, 2),
(35, 2023, 3, 3971834856843.00, 4365532859053.00, 2),
(36, 2023, 4, 21950900050.00, 18586888850.00, 2),
(37, 2023, 5, 946214789667.00, 954288533724.00, 2),
(38, 2023, 6, 470980003851.00, 462676053980.00, 2),
(39, 2023, 8, 4067513789544.00, 4424959764592.00, 2),
(40, 2023, 12, 2780040000.00, 8992680000.00, 2),
(41, 2023, 18, 2361020691402.00, 2609729960476.00, 2),
(42, 2023, 27, 2968438963472.00, 2930559559881.00, 2),
(43, 2023, 21, 340330285017.00, 340957924447.00, 2),
(44, 2023, 22, 50837846000.00, 35816280000.00, 2),
(45, 2023, 26, 24608180000.00, 17738404000.00, 2),
(46, 2023, 28, 444845269551.00, 439992705394.00, 2),
(47, 2023, 49, 456936137367.00, 407378302771.00, 2),
(48, 2023, 49, 1291530738781.00, 1240049557979.00, 2),
(49, 2023, 50, 35298652852.00, 57849163180.00, 2),
(50, 2023, 51, 3152190314.00, 4521283605.00, 2),
(51, 2023, 31, 62242699409.00, 18064238270.00, 2),
(52, 2023, 33, 1514944597959.00, 2140988758834.00, 2),
(53, 2023, 52, 588293734773.00, 566925568891.00, 2),
(54, 2023, 55, 661205606942.00, 575534927529.00, 2),
(55, 2022, 3, 3600240763199.00, 3784151194784.00, 2),
(56, 2022, 4, 23256855000.00, 15643150000.00, 2),
(57, 2022, 5, 558417897339.00, 519395517928.00, 2),
(58, 2022, 6, 568534995340.00, 535313362878.00, 2),
(59, 2022, 8, 3903144876979.00, 4084650819824.00, 2),
(60, 2022, 12, 3251000000.00, 9047115000.00, 2),
(61, 2022, 18, 2309913367615.00, 2405171005575.00, 2),
(62, 2022, 27, 2759664868338.00, 3081216285435.00, 2),
(63, 2022, 21, 347111599110.00, 346639306442.00, 2),
(64, 2022, 22, 59081930000.00, 44801470000.00, 2),
(65, 2022, 28, 221520823313.00, 397773479380.00, 2),
(66, 2022, 48, 208231646129.00, 347975821362.00, 2),
(67, 2022, 49, 764000524061.00, 1022690144407.00, 2),
(68, 2022, 50, 34984045657.00, 45283168041.00, 2),
(69, 2022, 51, 1263990775.00, 2563990775.00, 2),
(70, 2022, 31, 52693430861.00, 60794011483.00, 2),
(71, 2022, 33, 1474216161998.00, 1624838767636.00, 2),
(72, 2022, 52, 424164000000.00, 427420807600.00, 2),
(73, 2022, 55, 125000000000.00, 983967097722.00, 2),
(74, 2022, 60, 125000000000.00, 125000000000.00, 2),
(75, 2021, 3, 3392086798388.00, 3312414331190.00, 2);

-- --------------------------------------------------------

--
-- Struktur dari tabel `jenis_apbd`
--

CREATE TABLE `jenis_apbd` (
  `id` int(11) NOT NULL,
  `uraian` varchar(255) DEFAULT NULL,
  `akronim` varchar(255) DEFAULT NULL
) ENGINE=InnoDB DEFAULT CHARSET=utf8mb4 COLLATE=utf8mb4_general_ci;

--
-- Dumping data untuk tabel `jenis_apbd`
--

INSERT INTO `jenis_apbd` (`id`, `uraian`, `akronim`) VALUES
(2, 'APBD Perubahan', 'APBDP'),
(3, 'APBD Pergeseran Pertama', 'APBDP01'),
(4, 'APBD Pergeseran Kedua', 'APBDP02'),
(5, 'APBD Pergeseran Ketiga', 'APBDP03');

-- --------------------------------------------------------

--
-- Stand-in struktur untuk tampilan `kinerja_keuangan`
-- (Lihat di bawah untuk tampilan aktual)
--
CREATE TABLE `kinerja_keuangan` (
`tahun` int(11)
,`kinerja` varchar(255)
,`target` decimal(50,6)
,`realisasi` decimal(50,6)
,`ketercapaian` decimal(63,10)
);

-- --------------------------------------------------------

--
-- Struktur dari tabel `kode_catatan`
--

CREATE TABLE `kode_catatan` (
  `id` int(5) NOT NULL,
  `kode_catatan` varchar(255) DEFAULT NULL,
  `uraian` varchar(1024) DEFAULT NULL,
  `id_kode_level` int(2) DEFAULT NULL
) ENGINE=InnoDB DEFAULT CHARSET=utf8mb4 COLLATE=utf8mb4_general_ci;

--
-- Dumping data untuk tabel `kode_catatan`
--

INSERT INTO `kode_catatan` (`id`, `kode_catatan`, `uraian`, `id_kode_level`) VALUES
(1, '1.', 'PENDAPATAN', 1),
(2, '1.1.', 'PENDAPATAN ASLI DAERAH', 2),
(3, '1.1.1.', 'Pendapatan Pajak Daerah', 3),
(4, '1.1.2.', 'Pendapatan Retribusi Daerah', 3),
(5, '1.1.3.', 'Pendapatan Hasil Pengelolaan Kekayaan Daerah Yang Dipisahkan', 3),
(6, '1.1.4.', 'Lain-lain PAD Yang Sah', 3),
(11, '1.2.', 'PENDAPATAN TRANSFER PEMERINTAH PUSAT - DANA PERIMBANGAN', 2),
(12, '1.2.3.', 'Dana Bagi Hasil', 3),
(13, '1.2.4.', 'Dana Alokasi Umum', 3),
(14, '1.2.6.', 'Dana Alokasi Khusus - Fisik', 3),
(15, '1.2.7.', 'Dana Alokasi Khusus - Non Fisik', 3),
(16, '1.3.', 'PENDAPATAN TRANSFER PEMERINTAH PUSAT - LAINNYA', 2),
(17, '1.3.1.', 'Dana Insentif Daerah (DID)', 3),
(18, '1.4.', 'LAIN-LAIN PENDAPATAN DAERAH YANG SAH', 2),
(19, '1.4.1.', 'Pendapatan Hibah', 3),
(20, '1.4.2.', 'Pendapatan Dana Darurat', 3),
(21, '1.4.3.', 'Pendapatan Lainnya', 3),
(22, '2.', 'BELANJA', 1),
(23, '2.1.', 'BELANJA OPERASI', 2),
(24, '2.1.1.', 'Belanja Pegawai', 3),
(25, '2.1.2.', 'Belanja Barang dan Jasa', 3),
(26, '2.1.3.', 'Belanja Bunga', 3),
(27, '2.1.4.', 'Belanja Subsidi', 3),
(28, '2.1.5.', 'Belanja Hibah', 3),
(29, '2.1.6.', 'Belanja Bantuan Sosial', 3),
(30, '2.2.', 'BELANJA MODAL', 2),
(31, '2.2.1.', 'Belanja Modal Tanah', 3),
(32, '2.2.2.', 'Belanja Modal Peralatan dan Mesin', 3),
(33, '2.2.3.', 'Belanja Modal Gedung dan Bangunan', 3),
(34, '2.2.4.', 'Belanja Modal Jalan, Irigasi dan Jaringan', 3),
(35, '2.2.5.', 'Belanja Modal Aset Tetap Lainnya', 3),
(36, '2.2.6.', 'Belanja Modal Aset Lainnya', 3),
(37, '2.3.', 'BELANJA TAK TERDUGA', 2),
(38, '2.3.2.', 'Belanja Tak Terduga', 3),
(39, '3.', 'TRANSFER', 1),
(40, '3.1.', 'TRANSFER - BAGI HASIL PENDAPATAN KE KAB/KOTA', 2),
(41, '3.1.3.', 'Bagi Hasil Pajak ke Kabupaten/Kota', 3),
(42, '3.1.4.', 'Bagi Hasil Retribusi ke Kabupaten/Kota', 3),
(43, '3.1.5.', 'Bagi Hasil Pendapatan Lainnya ke Kabupaten/Kota', 3),
(44, '3.2.', 'TRANSFER - BANTUAN KEUANGAN', 2),
(45, '3.2.1.', 'Bantuan Keuangan ke Pemerintah Daerah Lainnya', 3),
(46, '3.2.3.', 'Bantuan Keuangan ke Desa', 3),
(47, '3.2.4.', 'Bantuan Keuangan Lainnya', 3),
(48, '4.', 'PEMBIAYAAN', 1),
(49, '4.1.', 'PENERIMAAN PEMBIAYAAN', 2),
(50, '4.1.1.', 'Penggunaan SILPA', 3),
(51, '4.1.2.', 'Pencairan Dana Cadangan', 3),
(52, '4.1.3.', 'Penerimaan Pinjaman Daerah dan Obligasi Daerah', 3),
(53, '1.2.1.', 'Dana Bagi Hasil Pajak', 3),
(54, '1.2.2.', 'Dana Bagi Hasil Sumber Daya Alam', 3),
(55, '1.2.5.', 'Dana Alokasi Khusus', 3),
(56, '1.3.2.', 'Dana Penyesuaian', 3),
(57, '4.1.4.', 'Penerimaan Kembali Pemberian Pinjaman Daerah', 3),
(58, '4.2.', 'PENGELUARAN PEMBIAYAAN', 2),
(59, '4.2.2.', 'Penyertaan Modal Pemerintah Daerah', 3),
(60, '333330', 'JUMLAH BELANJA DAN TRANSFER', 1),
(61, '333331', 'SURPLUS/DEFISIT', 1),
(62, '444440', 'PEMBIAYAAN NETT0', 1),
(63, '444441', 'Sisa Lebih Pembiayaan Anggaran (SILPA)', 1),
(64, '4.1.5.', 'Penerimaan Kembali Investasi Non Permanen', 3),
(65, '3.2.2.', 'Bantuan Keuangan ke Kabupaten/Kota', 3),
(66, '3.2.5.', 'Bantuan Keuangan ke Partai Politik', 3),
(67, '2.3.1.', 'Belanja Tidak Terduga', 3),
(68, '3.1.1.', 'Bagi Hasil Pajak Daerah ke Kab/Kota', 3),
(69, '3.1.2.', 'Bagi Hasil Retribusi Daerah ke Kab/Kota', 3),
(70, '4.1.6.', 'Penerimaan Kembali Piutang TGR', 3),
(71, '4.2.3.', 'Pembayaran Utang Kepada Pihak Ketiga', 3),
(72, '2.1.7.', 'Belanja Bantuan Keuangan', 3),
(73, '4.1.7.', 'Penerimaan Kembali Pemberian Pinjaman Investasi Non Permanen/Dana Bergulir', 3),
(74, '4.2.4.', 'Pembayaran Pokok Pinjaman Dalam Negeri - Pemerintah Pusat', 3),
(75, '4.2.1.', 'Pembentukan Dana Cadangan', 3),
(76, '4.2.5.', 'Pembayaran Kekurangan Belanja Bagi Hasil', 3),
(77, '4.2.6.', 'Pembayaran Pokok Hutang Kepada Pihak Ketiga', 3),
(78, '4.2.7.', 'Piutang Tuntutan Ganti Rugi', 3);

-- --------------------------------------------------------

--
-- Struktur dari tabel `kode_level`
--

CREATE TABLE `kode_level` (
  `id` int(11) NOT NULL,
  `nama_level` varchar(255) DEFAULT NULL,
  `akronim` varchar(255) DEFAULT NULL
) ENGINE=InnoDB DEFAULT CHARSET=utf8mb4 COLLATE=utf8mb4_general_ci;

--
-- Dumping data untuk tabel `kode_level`
--

INSERT INTO `kode_level` (`id`, `nama_level`, `akronim`) VALUES
(1, 'Akun', 'Akn'),
(2, 'Kelompok', 'Klp'),
(3, 'Jenis', 'Jns'),
(6, 'Objek', 'Obj'),
(7, 'Rincian Objek', 'RO');

-- --------------------------------------------------------

--
-- Struktur dari tabel `kode_urut`
--

CREATE TABLE `kode_urut` (
  `id` int(11) NOT NULL,
  `no_urut` varchar(11) DEFAULT NULL,
  `uraian` varchar(255) DEFAULT NULL,
  `akronim` varchar(255) DEFAULT NULL,
  `id_kode_level` int(11) DEFAULT NULL
) ENGINE=InnoDB DEFAULT CHARSET=utf8mb4 COLLATE=utf8mb4_general_ci;

--
-- Dumping data untuk tabel `kode_urut`
--

INSERT INTO `kode_urut` (`id`, `no_urut`, `uraian`, `akronim`, `id_kode_level`) VALUES
(1, '4.', 'PENDAPATAN DAERAH', NULL, 1),
(2, '4.1.', 'PENDAPATAN ASLI DAERAH', NULL, 2),
(3, '4.1.01.', 'Pajak Daerah', NULL, 3),
(4, '4.1.02.', 'Retribusi Daerah', NULL, 3),
(5, '4.1.03.', 'Hasil Pengelolaan Kekayaan Daerah Yang Dipisahkan', NULL, 3),
(6, '4.1.04.', 'Lain-lain PAD Yang Sah', NULL, 3),
(7, '4.2.', 'PENDAPATAN TRANSFER', NULL, 2),
(8, '4.2.01.', 'Pendapatan Transfer Pemerintah Pusat', NULL, 3),
(11, '4.3.', 'LAIN-LAIN PENDAPATAN DAERAH YANG SAH', NULL, 2),
(12, '4.3.01.', 'Pendapatan Hibah', NULL, 3),
(16, '5.', 'BELANJA', NULL, 1),
(17, '5.1.', 'BELANJA OPERASI', NULL, 2),
(18, '5.1.01.', 'Belanja Pegawai', NULL, 3),
(21, '5.1.05.', 'Belanja Hibah', NULL, 3),
(22, '5.1.06.', 'Belanja Bantuan Sosial', NULL, 3),
(25, '5.2.', 'BELANJA MODAL', NULL, 2),
(26, '5.2.01.', 'Belanja Modal Tanah', NULL, 3),
(27, '5.1.02.', 'Belanja Barang dan Jasa', NULL, 3),
(28, '5.2.02.', 'Belanja Modal Peralatan dan Mesin', NULL, 3),
(30, '5.3.', 'BELANJA TIDAK TERDUGA', NULL, 2),
(31, '5.3.01.', 'Belanja Tidak Terduga', NULL, 3),
(32, '5.4.', 'BELANJA TRANSFER', NULL, 2),
(33, '5.4.01.', 'Belanja Bagi Hasil', NULL, 3),
(48, '5.2.03.', 'Belanja Modal Gedung dan Bangunan', NULL, 3),
(49, '5.2.04.', 'Belanja Modal Jalan, Jaringan, dan Irigasi', NULL, 3),
(50, '5.2.05.', 'Belanja Modal Aset Tetap Lainnya', NULL, 3),
(51, '5.2.06.', 'Belanja Modal Aset Lainnya', NULL, 3),
(52, '5.4.02.', 'Belanja Bantuan Keuangan', NULL, 3),
(53, '6.', 'PEMBIAYAAN DAERAH', NULL, 1),
(54, '6.1.', 'PENERIMAAN PEMBIAYAAN', NULL, 2),
(55, '6.1.01.', 'Sisa Lebih Perhitungan Anggaran Tahun Sebelumnya', NULL, 3),
(56, '6.3.', 'Sisa Lebih Pembiayaan Anggaran Daerah Tahun Berkenaan (SILPA)', NULL, 2),
(57, '5.5.', 'SURPLUS/DEFISIT', NULL, 2),
(58, '6.2.9', 'Pembiayaan Neto', NULL, 2),
(59, '6.2.', 'PENGELUARAN PEMBIAYAAN', NULL, 2),
(60, '6.2.02.', 'Penyertaan Modal Daerah', NULL, 3),
(61, '4.1.01.01', 'Pajak Kendaraan Bermotor', 'PKB', 6),
(62, '4.1.01.02', 'Bea Balik Nama Kendaraan Bermotor', 'BBNKB', 6),
(63, '4.1.01.03', 'Pajak Bahan Bakar Kendaraan Bermotor', 'PBBKB', 6),
(64, '4.1.01.04', 'Pajak Air Permukaan', 'PAP', 6),
(65, '4.1.01.05', 'Pajak Rokok', 'PR', 6),
(66, '4.1.01.17', 'Pajak Alat Berat', 'PAB', 6),
(67, '4.1.01.18', 'Opsen Mineral Bukan Logam dan Batuan', 'OMBLB', 6);

-- --------------------------------------------------------

--
-- Stand-in struktur untuk tampilan `lampiran1_apbd`
-- (Lihat di bawah untuk tampilan aktual)
--
CREATE TABLE `lampiran1_apbd` (
`tahun` int(11)
,`kode` varchar(11)
,`uraian` varchar(255)
,`anggaran` decimal(42,2)
,`perubahan` decimal(42,2)
,`bertambah_berkurang` decimal(43,2)
,`persentase` decimal(49,2)
,`jenis_apbd` varchar(255)
,`id_kode_level` int(11)
,`nama_level` varchar(255)
);

-- --------------------------------------------------------

--
-- Stand-in struktur untuk tampilan `lampiran1_lkpd`
-- (Lihat di bawah untuk tampilan aktual)
--
CREATE TABLE `lampiran1_lkpd` (
`id_kode_level` int(2)
,`tahun_lkpd` int(11)
,`kode` varchar(255)
,`uraian` varchar(1024)
,`anggaran` decimal(43,2)
,`realisasi` decimal(43,2)
,`sisa_anggaran` decimal(44,2)
,`persentase` decimal(52,6)
);

-- --------------------------------------------------------

--
-- Struktur dari tabel `lkpd_apbd_lampiran_1`
--

CREATE TABLE `lkpd_apbd_lampiran_1` (
  `id` int(11) NOT NULL,
  `tahun_lkpd` int(5) DEFAULT NULL,
  `id_kode_catatan` int(5) DEFAULT NULL,
  `jumlah_anggaran` decimal(18,2) DEFAULT NULL,
  `jumlah_realisasi` decimal(18,2) DEFAULT NULL
) ENGINE=InnoDB DEFAULT CHARSET=utf8mb4 COLLATE=utf8mb4_general_ci;

--
-- Dumping data untuk tabel `lkpd_apbd_lampiran_1`
--

INSERT INTO `lkpd_apbd_lampiran_1` (`id`, `tahun_lkpd`, `id_kode_catatan`, `jumlah_anggaran`, `jumlah_realisasi`) VALUES
(13, 2023, 3, 4365532859053.00, 4412361453766.84),
(14, 2023, 4, 18586888850.00, 17145487538.50),
(15, 2023, 5, 954288533724.00, 948660382439.65),
(16, 2023, 6, 462676053980.00, 513438419227.22),
(17, 2023, 12, 1832034058592.00, 1536866672146.00),
(18, 2023, 13, 1506322398000.00, 1506286541167.00),
(19, 2023, 14, 303091172000.00, 295138574452.00),
(20, 2023, 15, 761964490000.00, 749456374741.00),
(21, 2023, 17, 21547646000.00, 21547646000.00),
(22, 2023, 19, 8992680000.00, 9078040000.00),
(23, 2023, 24, 2609355838396.00, 2549829683419.00),
(24, 2023, 25, 2930933681961.00, 2811156492698.00),
(25, 2023, 28, 396745845167.00, 390363362858.00),
(26, 2023, 29, 35816280000.00, 35430670000.00),
(27, 2023, 31, 17738404000.00, 16531477000.00),
(28, 2023, 33, 407378302771.00, 391132240152.00),
(29, 2023, 34, 1240049557979.00, 1195568098007.00),
(30, 2023, 35, 57849163180.00, 57537651640.00),
(31, 2023, 36, 4521283605.00, 1075029880.00),
(32, 2023, 38, 18064238270.00, 249778000.00),
(33, 2023, 41, 2083597551764.00, 2083597551764.00),
(34, 2023, 45, 290103855241.00, 288344360586.00),
(35, 2023, 46, 278425000000.00, 273669947239.00),
(36, 2022, 3, 3784151194784.00, 4054918904730.36),
(37, 2022, 4, 15643150000.00, 16684961995.00),
(38, 2022, 5, 519395517928.00, 101607146246.00),
(39, 2022, 6, 535313362878.00, 523558066938.81),
(40, 2022, 53, 1010945591997.00, 980345920625.00),
(41, 2022, 54, 577425660956.00, 684185142090.00),
(42, 2022, 13, 1452245879000.00, 1452245879000.00),
(43, 2022, 55, 1015472317871.00, 956328413490.00),
(44, 2022, 56, 28561370000.00, 40001129000.00),
(45, 2022, 19, 9047115000.00, 8794200000.00),
(46, 2022, 24, 2405237030930.00, 2318631227769.00),
(47, 2022, 25, 3081216285435.00, 2826881501749.42),
(48, 2022, 28, 346639306442.00, 314456061193.75),
(49, 2022, 29, 44801470000.00, 41739310000.00),
(50, 2022, 32, 397773479380.00, 364092775625.82),
(51, 2022, 33, 347975821362.00, 289084106026.11),
(52, 2022, 34, 1022690144407.00, 807750958592.66),
(53, 2022, 35, 45283168041.00, 45348812861.00),
(54, 2022, 36, 2563990775.00, 2257760995.00),
(55, 2022, 38, 19726571303.00, 9830848980.00),
(56, 2022, 41, 1665840182461.00, 1665840182459.62),
(57, 2022, 45, 188770807600.00, 178765480648.00),
(58, 2022, 46, 238650000000.00, 237788395921.00),
(59, 2022, 50, 983967097722.00, 983965015721.62),
(60, 2022, 57, 0.00, 91583750.00),
(61, 2022, 59, 125000000000.00, 125000000000.00),
(62, 2023, 32, 439992705394.00, 421123195861.00),
(63, 2023, 50, 575534927529.00, 574705203139.41),
(64, 2023, 64, 0.00, 36109553.00),
(65, 2021, 3, 3312414331190.00, 3327500336694.85),
(66, 2021, 4, 17215784040.00, 13790515597.00),
(67, 2021, 5, 117402606804.00, 117417430069.00),
(68, 2021, 6, 567645306912.00, 591760278782.59),
(69, 2021, 53, 1172066030292.00, 1394547926246.00),
(70, 2021, 54, 426037614186.00, 446588672066.00),
(71, 2021, 13, 1455383959000.00, 1455383959000.00),
(72, 2021, 55, 2080321584000.00, 1995755980446.00),
(73, 2021, 56, 32468699000.00, 32468699000.00),
(74, 2021, 19, 2735000000.00, 7787710004.00),
(75, 2021, 24, 2318661485990.00, 2213182776667.00),
(76, 2021, 25, 2749750400302.00, 2448186175191.09),
(77, 2021, 28, 1396520518425.00, 1349812571315.43),
(78, 2021, 29, 61529530000.00, 51810530000.00),
(79, 2021, 31, 801982178.00, 801221880.00),
(80, 2021, 32, 340432504177.00, 259296406464.29),
(81, 2021, 33, 280525464255.00, 239980341418.23),
(82, 2021, 34, 577701191645.00, 470432878695.85),
(83, 2021, 35, 50098377517.00, 47944229795.00),
(84, 2021, 38, 46373907506.00, 245808686.00),
(85, 2021, 41, 1512628905875.00, 1498191320346.70),
(86, 2021, 45, 221250637000.00, 193927652104.96),
(87, 2021, 46, 159100000000.00, 157892253886.00),
(88, 2021, 50, 531683989446.00, 531683989445.73),
(89, 2021, 57, 0.00, 985766821.00),
(90, 2020, 3, 2830582119760.60, 2783421363943.00),
(91, 2020, 4, 11972050613.00, 12480391250.00),
(92, 2020, 5, 88442501751.00, 88442501751.00),
(93, 2020, 6, 385669657420.45, 448831775553.57),
(94, 2020, 53, 851559336036.00, 757212987667.00),
(95, 2020, 54, 1078030978417.00, 1075685391564.00),
(96, 2020, 13, 1439451620000.00, 1432349278000.00),
(97, 2020, 55, 2027730641000.00, 2000906541174.00),
(98, 2020, 56, 20243618000.00, 20243618000.00),
(99, 2020, 19, 3251000000.00, 3251000004.00),
(100, 2020, 24, 2357537903713.13, 2153065317382.00),
(101, 2020, 25, 2263891179335.35, 2077147295142.17),
(102, 2020, 28, 1314397460719.00, 1270812795429.70),
(103, 2020, 29, 34879928240.00, 29005785174.00),
(104, 2020, 31, 10893741867.00, 10060769600.00),
(105, 2020, 32, 367581163760.26, 281774431712.00),
(106, 2020, 33, 188309940349.24, 172213274099.21),
(107, 2020, 34, 447915536941.67, 403654823625.31),
(108, 2020, 35, 52118185587.00, 51395454534.00),
(109, 2020, 36, 150800000.00, 146840000.00),
(110, 2020, 38, 121468496949.95, 99091636754.00),
(111, 2020, 41, 1194074600669.92, 1194074600669.92),
(112, 2020, 45, 329695700000.00, 295460920473.00),
(113, 2020, 46, 135235000000.00, 134802530000.00),
(114, 2020, 50, 81216115134.47, 81216115134.47),
(115, 2020, 64, 0.00, 349500000.00),
(116, 2019, 3, 3124921490773.74, 2989749791033.00),
(117, 2019, 4, 19171327000.00, 15741302452.00),
(118, 2019, 5, 138312608248.80, 118530642555.72),
(119, 2019, 6, 326660496044.11, 434188849299.25),
(120, 2019, 53, 974399699902.00, 808563767820.00),
(121, 2019, 54, 1275907149763.00, 865867792390.00),
(122, 2019, 13, 1548578928000.00, 1548578928000.00),
(123, 2019, 55, 2005071702203.00, 1913695539610.00),
(124, 2019, 56, 9847994000.00, 4923997000.00),
(125, 2019, 19, 3192000000.00, 3392000000.00),
(126, 2019, 24, 2399151090706.07, 2290742770387.00),
(127, 2019, 25, 2290145438593.89, 2020341078308.34),
(128, 2019, 28, 1290344413040.00, 1263951416257.66),
(129, 2019, 29, 123828770100.00, 116769703381.82),
(130, 2019, 31, 15200000000.00, 6640180000.00),
(131, 2019, 32, 363214592968.00, 258889462175.88),
(132, 2019, 33, 255628167272.00, 164110251800.23),
(133, 2019, 34, 796297639742.59, 675172132543.07),
(134, 2019, 35, 57568178835.00, 55936413333.00),
(135, 2019, 36, 943300000.00, 289029000.00),
(136, 2019, 38, 38558191574.18, 271318886.00),
(137, 2019, 41, 1422100342694.12, 1404733869544.70),
(138, 2019, 45, 118497849250.00, 111882464699.00),
(139, 2019, 46, 318200000000.00, 317456000000.00),
(140, 2019, 47, 4648277250.00, 3204860800.00),
(141, 2019, 50, 67883336797.20, 68262856091.20),
(142, 2019, 64, 379519294.00, 111600000.00),
(143, 2018, 3, 3203607923218.25, 3075986228121.37),
(144, 2018, 4, 15731231600.00, 10701497839.00),
(145, 2018, 5, 218000000000.00, 132226350700.33),
(146, 2018, 6, 526625304321.00, 420081663460.45),
(147, 2018, 53, 1060950200947.00, 856660641569.00),
(148, 2018, 54, 1038495645034.00, 864950038139.00),
(149, 2018, 13, 1434458151000.00, 1465117719834.00),
(150, 2018, 55, 1728536844000.00, 1641194885303.00),
(151, 2018, 56, 7500000000.00, 9000000000.00),
(152, 2018, 19, 2975000000.00, 3072000000.00),
(153, 2018, 24, 2474869192413.73, 2235484329647.00),
(154, 2018, 25, 2252717293248.28, 1812680671001.32),
(155, 2018, 28, 1847773547709.78, 1703502799118.14),
(156, 2018, 29, 12696775000.00, 10668685000.00),
(157, 2018, 31, 10771820000.00, 159262000.00),
(158, 2018, 32, 381896916310.50, 215092697146.50),
(159, 2018, 33, 482824565183.00, 160483736905.00),
(160, 2018, 35, 52492036350.00, 51903370141.00),
(161, 2018, 36, 17434545000.00, 15487300150.00),
(162, 2018, 34, 860497183072.87, 603726354574.32),
(163, 2018, 38, 10037504791.13, 0.00),
(164, 2018, 41, 1499859502679.48, 1275322485759.80),
(165, 2018, 65, 261744618038.62, 224411788599.33),
(166, 2018, 46, 159200000000.00, 159000000000.00),
(167, 2018, 66, 1636578750.00, 1636578750.00),
(168, 2018, 50, 1089571778427.14, 58452370623.46),
(169, 2018, 64, 0.00, 379519294.00),
(170, 2017, 3, 3020000000000.00, 2755328120455.51),
(171, 2017, 4, 16000000000.00, 12542983024.00),
(172, 2017, 5, 288000000000.00, 124105583420.88),
(173, 2017, 6, 535298000000.00, 468032288298.90),
(174, 2017, 53, 991636221947.00, 723990115662.00),
(175, 2017, 54, 1041896614034.00, 749548072933.00),
(176, 2017, 13, 1457997067000.00, 1457997067000.00),
(177, 2017, 55, 1701454954000.00, 1607851461589.00),
(178, 2017, 19, 3125000000.00, 3078000000.00),
(179, 2017, 24, 2762652671925.99, 2353287722061.00),
(180, 2017, 25, 2000707113673.26, 1800556344538.58),
(181, 2017, 28, 1315983454176.24, 1282813177818.24),
(182, 2017, 29, 10139500000.00, 3411660000.00),
(183, 2017, 31, 8941858400.00, 4181619858.00),
(184, 2017, 32, 382587516593.74, 301289932586.37),
(185, 2017, 33, 446383809456.28, 413847958273.28),
(186, 2017, 34, 1338688256371.38, 1209132310029.10),
(187, 2017, 35, 2351090500.00, 957032500.00),
(188, 2017, 36, 13484004600.00, 11806328600.00),
(189, 2017, 38, 10404619200.00, 0.00),
(190, 2017, 41, 1407720050148.90, 1198374850778.79),
(191, 2017, 65, 696922133722.52, 607446467894.78),
(192, 2017, 66, 1636578750.00, 1636578750.00),
(193, 2017, 50, 1343194800537.31, 1343194800568.31),
(194, 2017, 64, 0.00, 1525861360.00),
(195, 2016, 3, 2765548893131.13, 2417976745564.49),
(196, 2016, 4, 11000000000.00, 12444464361.00),
(197, 2016, 5, 218600000000.00, 83335007605.09),
(198, 2016, 6, 501000000000.00, 596899922225.94),
(199, 2016, 53, 824052177000.00, 836925397090.00),
(200, 2016, 54, 870626478000.00, 827647310345.00),
(201, 2016, 13, 604165428616.00, 738378736825.00),
(202, 2016, 55, 1437162236000.00, 1421530289075.00),
(203, 2016, 56, 5000000000.00, 5000000000.00),
(204, 2016, 19, 2825000000.00, 2788800000.00),
(205, 2016, 24, 1499633486590.38, 1295797050729.02),
(206, 2016, 25, 2102494961093.12, 1776989516348.54),
(207, 2016, 28, 1533135762244.62, 1477232708172.64),
(208, 2016, 29, 10260040000.00, 6870120000.00),
(209, 2016, 31, 1185080000.00, 0.00),
(210, 2016, 32, 247621423479.00, 213367131305.00),
(211, 2016, 33, 236898999511.13, 214613127075.00),
(212, 2016, 34, 1834476696135.00, 1595180246605.23),
(213, 2016, 35, 8619946059.00, 6323622905.00),
(214, 2016, 36, 6973655941.00, 6151705900.00),
(215, 2016, 38, 54664050628.51, 1711808288.00),
(216, 2016, 41, 1422504949184.98, 1192559064560.28),
(217, 2016, 65, 1411758208127.64, 943505469185.19),
(218, 2016, 66, 1636578750.00, 1636578750.00),
(219, 2016, 50, 3131883624997.25, 3131883624996.69),
(221, 2016, 64, 0.00, 322652273.00),
(222, 2015, 3, 2670920079546.00, 2572777208900.50),
(223, 2015, 4, 32953174439.74, 21571218413.00),
(224, 2015, 5, 208544824163.60, 178216271108.01),
(225, 2015, 6, 495098156895.63, 704395399227.68),
(226, 2015, 53, 1046408388000.00, 756114292750.00),
(227, 2015, 54, 1347972548139.00, 1074930738439.00),
(228, 2015, 13, 654220250000.00, 654220250000.00),
(229, 2015, 55, 79202740000.00, 63362192000.00),
(230, 2015, 56, 869074400000.00, 880913247000.00),
(231, 2015, 19, 2665080000.00, 4543988000.00),
(232, 2015, 24, 1452135149260.10, 1195181661127.00),
(233, 2015, 25, 1864616469292.00, 1282997775702.19),
(234, 2015, 28, 1250375145200.00, 1049611087913.00),
(235, 2015, 29, 8908080000.00, 2325765000.00),
(236, 2015, 31, 8325884000.00, 0.00),
(237, 2015, 32, 420131674165.00, 308040811096.00),
(238, 2015, 33, 175971224751.00, 148934937208.53),
(239, 2015, 34, 1703217196284.56, 1546237743937.00),
(240, 2015, 35, 14103888859.00, 2799358740.00),
(241, 2015, 36, 15006465757.00, 8474834500.00),
(242, 2015, 38, 208900000000.00, 0.00),
(243, 2015, 41, 1435414408630.98, 1233314137683.96),
(244, 2015, 65, 2010635779598.05, 186902723513.00),
(245, 2015, 46, 819104000000.00, 795000000000.00),
(246, 2015, 66, 1636578750.00, 1151631875.00),
(247, 2015, 50, 3981422303363.74, 3981422303363.74),
(248, 2015, 64, 0.00, 388984091.00),
(249, 2014, 3, 2446651414260.00, 2496771206539.30),
(250, 2014, 4, 18750000000.00, 16992124153.06),
(251, 2014, 5, 166746206448.00, 154214508022.56),
(252, 2014, 6, 314764059531.00, 577109906374.61),
(253, 2014, 53, 557486112441.00, 668492186918.00),
(254, 2014, 54, 2383063961375.10, 2698594352825.00),
(255, 2014, 13, 820984584000.00, 820984584000.00),
(256, 2014, 55, 43737510000.00, 43737510000.00),
(257, 2014, 56, 648436030000.00, 655513513000.00),
(258, 2014, 24, 1335192506605.25, 1125446031248.00),
(259, 2014, 25, 1842484004048.00, 1245326863761.47),
(260, 2014, 27, 5000000000.00, 0.00),
(261, 2014, 28, 2211855260740.00, 865100252884.00),
(262, 2014, 29, 25598200000.00, 13213350000.00),
(263, 2014, 31, 23349999350.00, 2398831333.00),
(264, 2014, 32, 293336352853.00, 204608785885.00),
(265, 2014, 33, 166569809033.00, 34766806797.00),
(266, 2014, 34, 934173307036.00, 377165631900.17),
(267, 2014, 35, 5454618075.00, 2303577000.00),
(268, 2014, 36, 31980842525.00, 2400669850.00),
(269, 2014, 38, 5002450000.00, 0.00),
(270, 2014, 41, 1850673847946.72, 1614630538837.02),
(271, 2014, 65, 105369436673.00, 103441500000.00),
(272, 2014, 46, 11040000000.00, 10056000000.00),
(273, 2014, 66, 1215656452.00, 1215656243.00),
(274, 2014, 50, 1447676413281.87, 1447673573281.87),
(275, 2014, 64, 0.00, 3413333988.00),
(276, 2013, 3, 2025217116337.46, 2110997529618.00),
(277, 2013, 4, 16818305400.00, 24359496988.06),
(278, 2013, 5, 139600000000.00, 146463619420.44),
(279, 2013, 6, 300000000000.00, 443803267082.56),
(280, 2013, 53, 559669578600.00, 618581035572.00),
(281, 2013, 54, 2472419218300.00, 2226231958035.00),
(282, 2013, 13, 726630916000.00, 726630916000.00),
(283, 2013, 55, 38738320000.00, 38738320000.00),
(284, 2013, 56, 658627308000.00, 636219961838.00),
(285, 2013, 21, 0.00, 22620100000.00),
(286, 2013, 24, 1337320917188.41, 1197323164780.60),
(287, 2013, 25, 1811955019357.22, 1523208982302.08),
(288, 2013, 27, 5000000000.00, 4999254000.00),
(289, 2013, 28, 1705256642000.00, 1385046124709.00),
(290, 2013, 29, 43122930000.00, 31591080000.00),
(291, 2013, 31, 88008885250.00, 24107966450.00),
(292, 2013, 32, 139750546407.00, 109595033270.00),
(293, 2013, 33, 334790971694.00, 274123836315.00),
(294, 2013, 34, 2012734177217.00, 1816359705042.62),
(295, 2013, 35, 8628165410.00, 7575672600.00),
(296, 2013, 36, 13900948000.00, 13544813470.00),
(297, 2013, 38, 5500000000.00, 0.00),
(298, 2013, 41, 989320315196.89, 874713339476.00),
(299, 2013, 65, 408065014000.05, 253400405500.00),
(300, 2013, 46, 11040000000.00, 8694000000.00),
(301, 2013, 66, 1127500000.00, 999128125.00),
(302, 2013, 50, 1977801269083.11, 1977900614768.11),
(303, 2013, 64, 0.00, 412100000.00),
(304, 2012, 3, 1839779659309.00, 2058595750963.00),
(305, 2012, 4, 10651305400.00, 12174266003.19),
(306, 2012, 5, 139301339383.00, 139601792176.90),
(307, 2012, 6, 191489357287.00, 378316635934.11),
(308, 2012, 53, 559669578600.00, 502497680044.00),
(309, 2012, 54, 2682593900521.64, 2564673766527.00),
(310, 2012, 13, 489179914000.00, 489179914000.00),
(311, 2012, 55, 62491370000.00, 62491370000.00),
(312, 2012, 56, 664273709000.00, 639784644000.00),
(313, 2012, 24, 1136798719126.23, 1037795827289.73),
(314, 2012, 25, 1578463452603.50, 1216684489179.75),
(315, 2012, 27, 14172000000.00, 0.00),
(316, 2012, 28, 1830501885750.00, 1459570748269.00),
(317, 2012, 29, 26650000000.00, 20053500000.00),
(318, 2012, 31, 84111188000.00, 36270846400.00),
(319, 2012, 32, 143133348639.00, 120572384106.00),
(320, 2012, 33, 722664063170.00, 532084532097.00),
(321, 2012, 34, 1400308909612.00, 1179682664381.00),
(322, 2012, 35, 84139510934.00, 78178419325.00),
(323, 2012, 36, 22772908600.00, 14876565789.00),
(324, 2012, 38, 10777000000.00, 0.00),
(325, 2012, 68, 1023288942637.46, 796438456530.66),
(326, 2012, 69, 861772716.00, 288315000.00),
(327, 2012, 65, 284110500000.00, 170081495452.50),
(328, 2012, 46, 9930000000.00, 7140000000.00),
(329, 2012, 66, 1127500000.00, 1046893125.00),
(330, 2012, 50, 1339381568287.55, 1338164111478.55),
(331, 2012, 51, 500000000000.00, 567514164741.00),
(332, 2012, 64, 0.00, 824092609.00),
(333, 2012, 70, 0.00, 178110436.00),
(334, 2012, 59, 105000000000.00, 105000000000.00),
(335, 2012, 71, 0.00, 429892885.00),
(336, 2011, 3, 1403231683052.00, 1773621889146.47),
(337, 2011, 4, 6563060800.00, 8490985544.09),
(338, 2011, 5, 154156815378.00, 131607412154.54),
(339, 2011, 6, 168744999949.83, 296410495888.73),
(340, 2011, 53, 459567540349.00, 465189185959.00),
(341, 2011, 54, 1991904587797.48, 2324772670965.00),
(342, 2011, 13, 380051123500.00, 380051123500.00),
(343, 2011, 55, 56823400000.00, 56823400000.00),
(344, 2011, 21, 3473322000.00, 3473322000.00),
(345, 2011, 24, 1033434732521.52, 936141543993.91),
(346, 2011, 25, 1126254715949.70, 960890615586.40),
(347, 2011, 27, 14172000000.00, 0.00),
(348, 2011, 28, 242000000000.00, 230628148754.00),
(349, 2011, 29, 197891000000.00, 197806681225.00),
(350, 2011, 72, 103177792000.00, 86365493125.00),
(351, 2011, 31, 65830385050.00, 50555891050.00),
(352, 2011, 32, 94050203697.00, 81727115271.00),
(353, 2011, 33, 689395595874.00, 608775652091.32),
(354, 2011, 34, 620812081737.00, 548911667155.00),
(356, 2011, 35, 71001066208.00, 46076611000.00),
(357, 2011, 36, 6362797875.00, 6133162150.00),
(358, 2011, 38, 1500000000.00, 101550000.00),
(359, 2011, 68, 530809880366.00, 510552792502.40),
(360, 2011, 69, 908419000.00, 462736400.00),
(361, 2011, 50, 390606398773.00, 404707156731.25),
(362, 2011, 73, 0.00, 16813295953.10),
(363, 2011, 75, 100000000000.00, 132591656778.00),
(364, 2011, 59, 100000000000.00, 100000000000.00),
(365, 2011, 74, 24922261320.09, 24858052472.60),
(366, 2010, 3, 1100000000000.00, 1414190981593.00),
(367, 2010, 4, 6897102135.00, 42750482664.34),
(368, 2010, 5, 108478459716.92, 85662104411.12),
(369, 2010, 6, 123889759449.83, 158347289788.48),
(370, 2010, 53, 449302504157.00, 442307857462.00),
(371, 2010, 54, 2455995530689.71, 2071461843121.00),
(372, 2010, 13, 58869157000.00, 58869157000.00),
(373, 2010, 55, 22368500000.00, 22368500000.00),
(374, 2010, 21, 21044175000.00, 9507000000.00),
(375, 2010, 24, 1070314354465.17, 945974032438.35),
(377, 2010, 25, 882439925439.48, 761648598184.93),
(378, 2010, 27, 15272310000.00, 14603881000.00),
(379, 2010, 28, 148675000000.00, 130349256608.00),
(380, 2010, 29, 216582000000.00, 212587242317.00),
(381, 2010, 72, 43200000000.00, 41888000000.00),
(382, 2010, 31, 45671927700.00, 28357928782.00),
(383, 2010, 32, 148989233997.00, 127398454599.70),
(384, 2010, 33, 460547265292.45, 418193646759.85),
(385, 2010, 34, 726465493875.00, 652723412799.00),
(386, 2010, 35, 32175049654.22, 6448992300.00),
(387, 2010, 36, 7234804250.00, 5624450500.00),
(388, 2010, 38, 10000000000.00, 1000000000.00),
(389, 2010, 68, 458956875000.00, 443947620091.00),
(390, 2010, 69, 908419000.00, 660955000.00),
(391, 2010, 50, 114587470524.86, 114037387991.86),
(392, 2010, 73, 0.00, 76394637.00),
(393, 2010, 75, 100000000000.00, 124154627577.00),
(394, 2010, 59, 87000000000.00, 86000000000.00),
(395, 2010, 74, 7000000000.00, 6336302687.72),
(396, 2010, 78, 0.00, 5938669880.00);

-- --------------------------------------------------------

--
-- Struktur dari tabel `pajak_daerah`
--

CREATE TABLE `pajak_daerah` (
  `id` int(5) NOT NULL,
  `tahun` int(4) NOT NULL,
  `id_kode_urut` int(2) NOT NULL,
  `target` decimal(20,2) DEFAULT NULL,
  `realisasi` decimal(20,2) DEFAULT NULL,
  `tw1` decimal(4,2) DEFAULT NULL,
  `tw2` decimal(4,2) DEFAULT NULL,
  `tw3` decimal(4,2) DEFAULT NULL,
  `tw4` decimal(4,2) DEFAULT NULL
) ENGINE=InnoDB DEFAULT CHARSET=utf8mb4 COLLATE=utf8mb4_general_ci;

-- --------------------------------------------------------

--
-- Struktur untuk view `kinerja_keuangan`
--
DROP TABLE IF EXISTS `kinerja_keuangan`;

CREATE ALGORITHM=UNDEFINED DEFINER=`root`@`localhost` SQL SECURITY DEFINER VIEW `kinerja_keuangan`  AS   (select `a`.`tahun_lkpd` AS `tahun`,`a`.`kode` AS `kinerja`,`a`.`anggaran` AS `target`,`a`.`realisasi` AS `realisasi`,`a`.`realisasi` / `a`.`anggaran` * 100 AS `ketercapaian` from ((select `la`.`tahun_lkpd` AS `tahun_lkpd`,left(`kc`.`kode_catatan`,2) AS `kode`,sum(`la`.`jumlah_anggaran`) AS `anggaran`,sum(`la`.`jumlah_realisasi`) AS `realisasi` from (`lkpd_apbd_lampiran_1` `la` join `kode_catatan` `kc` on(`la`.`id_kode_catatan` = `kc`.`id`)) group by `la`.`tahun_lkpd`,left(`kc`.`kode_catatan`,2) union all select `la`.`tahun_lkpd` AS `tahun_lkpd`,left(`kc`.`kode_catatan`,4) AS `kode`,sum(`la`.`jumlah_anggaran`) AS `anggaran`,sum(`la`.`jumlah_realisasi`) AS `realisasi` from (`lkpd_apbd_lampiran_1` `la` join `kode_catatan` `kc` on(`la`.`id_kode_catatan` = `kc`.`id`)) group by `la`.`tahun_lkpd`,left(`kc`.`kode_catatan`,4) union all select `la`.`tahun_lkpd` AS `tahun_lkpd`,`kc`.`kode_catatan` AS `kode`,sum(`la`.`jumlah_anggaran`) AS `anggaran`,sum(`la`.`jumlah_realisasi`) AS `realisasi` from (`lkpd_apbd_lampiran_1` `la` join `kode_catatan` `kc` on(`la`.`id_kode_catatan` = `kc`.`id`)) group by `la`.`tahun_lkpd`,`kc`.`kode_catatan` union all select `la`.`tahun_lkpd` AS `tahun_lkpd`,'Derajat Desentralisasi' AS `kode`,sum(case when left(`kc`.`kode_catatan`,4) = '1.1.' then `la`.`jumlah_anggaran` else 0 end) / sum(case when left(`kc`.`kode_catatan`,2) = '1.' then `la`.`jumlah_anggaran` else 0 end) * 100 AS `anggaran`,sum(case when left(`kc`.`kode_catatan`,4) = '1.1.' then `la`.`jumlah_realisasi` else 0 end) / sum(case when left(`kc`.`kode_catatan`,2) = '1.' then `la`.`jumlah_realisasi` else 0 end) * 100 AS `realisasi` from (`lkpd_apbd_lampiran_1` `la` join `kode_catatan` `kc` on(`la`.`id_kode_catatan` = `kc`.`id`)) group by `la`.`tahun_lkpd`,'Derajat Desentralisasi' union all select `la`.`tahun_lkpd` AS `tahun_lkpd`,'Ketergantungan Keuangan' AS `kode`,(sum(case when left(`kc`.`kode_catatan`,4) = '1.2.' then `la`.`jumlah_anggaran` else 0 end) + sum(case when left(`kc`.`kode_catatan`,4) = '1.3.' then `la`.`jumlah_anggaran` else 0 end)) / sum(case when left(`kc`.`kode_catatan`,2) = '1.' then `la`.`jumlah_anggaran` else 0 end) * 100 AS `anggaran`,(sum(case when left(`kc`.`kode_catatan`,4) = '1.2.' then `la`.`jumlah_realisasi` else 0 end) + sum(case when left(`kc`.`kode_catatan`,4) = '1.3.' then `la`.`jumlah_realisasi` else 0 end)) / sum(case when left(`kc`.`kode_catatan`,2) = '1.' then `la`.`jumlah_realisasi` else 0 end) * 100 AS `realisasi` from (`lkpd_apbd_lampiran_1` `la` join `kode_catatan` `kc` on(`la`.`id_kode_catatan` = `kc`.`id`)) group by `la`.`tahun_lkpd`,'Ketergantungan Keuangan' union all select `la`.`tahun_lkpd` AS `tahun_lkpd`,'Kemandirian Keuangan' AS `kode`,sum(case when left(`kc`.`kode_catatan`,4) = '1.1.' then `la`.`jumlah_anggaran` else 0 end) / (sum(case when left(`kc`.`kode_catatan`,4) = '1.2.' then `la`.`jumlah_anggaran` else 0 end) + sum(case when left(`kc`.`kode_catatan`,4) = '1.3.' then `la`.`jumlah_anggaran` else 0 end)) * 100 AS `anggaran`,sum(case when left(`kc`.`kode_catatan`,4) = '1.1.' then `la`.`jumlah_realisasi` else 0 end) / (sum(case when left(`kc`.`kode_catatan`,4) = '1.2.' then `la`.`jumlah_realisasi` else 0 end) + sum(case when left(`kc`.`kode_catatan`,4) = '1.3.' then `la`.`jumlah_realisasi` else 0 end)) * 100 AS `realisasi` from (`lkpd_apbd_lampiran_1` `la` join `kode_catatan` `kc` on(`la`.`id_kode_catatan` = `kc`.`id`)) group by `la`.`tahun_lkpd`,'Kemandirian Keuangan' union all select `la`.`tahun_lkpd` AS `tahun_lkpd`,'Efektifitas PAD' AS `kode`,sum(case when left(`kc`.`kode_catatan`,4) = '1.1.' then `la`.`jumlah_realisasi` else 0 end) / sum(case when left(`kc`.`kode_catatan`,4) = '1.1.' then `la`.`jumlah_anggaran` else 0 end) * 100 AS `anggaran`,sum(case when left(`kc`.`kode_catatan`,4) = '1.1.' then `la`.`jumlah_realisasi` else 0 end) / sum(case when left(`kc`.`kode_catatan`,4) = '1.1.' then `la`.`jumlah_anggaran` else 0 end) * 100 AS `realisasi` from (`lkpd_apbd_lampiran_1` `la` join `kode_catatan` `kc` on(`la`.`id_kode_catatan` = `kc`.`id`)) group by `la`.`tahun_lkpd`,'Efektifitas PAD') `a` left join `kode_catatan` `kc` on(`a`.`kode` = `kc`.`kode_catatan`)) where `a`.`kode` = 'Derajat Desentralisasi' or `a`.`kode` = 'Ketergantungan Keuangan' or `a`.`kode` = 'Kemandirian Keuangan' or `a`.`kode` = 'Efektifitas PAD' order by `a`.`tahun_lkpd`,`a`.`kode`)  ;

-- --------------------------------------------------------

--
-- Struktur untuk view `lampiran1_apbd`
--
DROP TABLE IF EXISTS `lampiran1_apbd`;

CREATE ALGORITHM=UNDEFINED DEFINER=`root`@`localhost` SQL SECURITY DEFINER VIEW `lampiran1_apbd`  AS   (select `a`.`tahun` AS `tahun`,`a`.`kode` AS `kode`,`b`.`uraian` AS `uraian`,`a`.`anggaran` AS `anggaran`,`a`.`perubahan` AS `perubahan`,ifnull(round(`a`.`perubahan` - `a`.`anggaran`,2),0) AS `bertambah_berkurang`,ifnull(round((`a`.`perubahan` - `a`.`anggaran`) / `a`.`anggaran` * 100,2),0) AS `persentase`,`c`.`akronim` AS `jenis_apbd`,`b`.`id_kode_level` AS `id_kode_level`,`d`.`nama_level` AS `nama_level` from ((((select `a`.`tahun` AS `tahun`,left(`b`.`no_urut`,2) AS `kode`,sum(`a`.`jumlah_anggaran`) AS `anggaran`,sum(`a`.`jumlah_perubahan`) AS `perubahan`,`a`.`id_jenis_apbd` AS `id_jenis_apbd` from ((`apbd_lampiran_1` `a` join `kode_urut` `b` on(`a`.`id_kode_urut` = `b`.`id`)) join `jenis_apbd` `c` on(`a`.`id_jenis_apbd` = `c`.`id`)) group by `a`.`tahun`,left(`b`.`no_urut`,2),`a`.`id_jenis_apbd` union all select `a`.`tahun` AS `tahun`,left(`b`.`no_urut`,4) AS `kode`,sum(`a`.`jumlah_anggaran`) AS `anggaran`,sum(`a`.`jumlah_perubahan`) AS `perubahan`,`a`.`id_jenis_apbd` AS `id_jenis_apbd` from ((`apbd_lampiran_1` `a` join `kode_urut` `b` on(`a`.`id_kode_urut` = `b`.`id`)) join `jenis_apbd` `c` on(`a`.`id_jenis_apbd` = `c`.`id`)) group by `a`.`tahun`,left(`b`.`no_urut`,4),`a`.`id_jenis_apbd` union all select `a`.`tahun` AS `tahun`,`b`.`no_urut` AS `kode`,sum(`a`.`jumlah_anggaran`) AS `anggaran`,sum(`a`.`jumlah_perubahan`) AS `perubahan`,`a`.`id_jenis_apbd` AS `id_jenis_apbd` from ((`apbd_lampiran_1` `a` join `kode_urut` `b` on(`a`.`id_kode_urut` = `b`.`id`)) join `jenis_apbd` `c` on(`a`.`id_jenis_apbd` = `c`.`id`)) group by `a`.`tahun`,`b`.`no_urut`,`a`.`id_jenis_apbd` union all select `a`.`tahun` AS `tahun`,'5.5.' AS `kode`,sum(case when left(`b`.`no_urut`,2) = '4.' then `a`.`jumlah_anggaran` else 0 end) - sum(case when left(`b`.`no_urut`,2) = '5.' then `a`.`jumlah_anggaran` else 0 end) AS `anggaran`,sum(case when left(`b`.`no_urut`,2) = '4.' then `a`.`jumlah_perubahan` else 0 end) - sum(case when left(`b`.`no_urut`,2) = '5.' then `a`.`jumlah_perubahan` else 0 end) AS `perubahan`,`a`.`id_jenis_apbd` AS `id_jenis_apbd` from ((`apbd_lampiran_1` `a` join `kode_urut` `b` on(`a`.`id_kode_urut` = `b`.`id`)) join `jenis_apbd` `c` on(`a`.`id_jenis_apbd` = `c`.`id`)) group by `a`.`tahun`,'5.5.',`a`.`id_jenis_apbd` union all select `a`.`tahun` AS `tahun`,'6.2.9' AS `kode`,sum(case when left(`b`.`no_urut`,4) = '6.1.' then `a`.`jumlah_anggaran` else 0 end) - sum(case when left(`b`.`no_urut`,4) = '6.2.' then `a`.`jumlah_anggaran` else 0 end) AS `anggaran`,sum(case when left(`b`.`no_urut`,4) = '6.1.' then `a`.`jumlah_perubahan` else 0 end) - sum(case when left(`b`.`no_urut`,4) = '6.2.' then `a`.`jumlah_perubahan` else 0 end) AS `perubahan`,`a`.`id_jenis_apbd` AS `id_jenis_apbd` from ((`apbd_lampiran_1` `a` join `kode_urut` `b` on(`a`.`id_kode_urut` = `b`.`id`)) join `jenis_apbd` `c` on(`a`.`id_jenis_apbd` = `c`.`id`)) group by `a`.`tahun`,'6.2.9',`a`.`id_jenis_apbd` union all select `a`.`tahun` AS `tahun`,'6.3.' AS `kode`,sum(case when left(`b`.`no_urut`,2) = '4.' then `a`.`jumlah_anggaran` else 0 end) - sum(case when left(`b`.`no_urut`,2) = '5.' then `a`.`jumlah_anggaran` else 0 end) + (sum(case when left(`b`.`no_urut`,4) = '6.1.' then `a`.`jumlah_anggaran` else 0 end) - sum(case when left(`b`.`no_urut`,4) = '6.2.' then `a`.`jumlah_anggaran` else 0 end)) AS `anggaran`,sum(case when left(`b`.`no_urut`,2) = '4.' then `a`.`jumlah_perubahan` else 0 end) - sum(case when left(`b`.`no_urut`,2) = '5.' then `a`.`jumlah_perubahan` else 0 end) + (sum(case when left(`b`.`no_urut`,4) = '6.1.' then `a`.`jumlah_perubahan` else 0 end) - sum(case when left(`b`.`no_urut`,4) = '6.2.' then `a`.`jumlah_perubahan` else 0 end)) AS `perubahan`,`a`.`id_jenis_apbd` AS `id_jenis_apbd` from ((`apbd_lampiran_1` `a` join `kode_urut` `b` on(`a`.`id_kode_urut` = `b`.`id`)) join `jenis_apbd` `c` on(`a`.`id_jenis_apbd` = `c`.`id`)) group by `a`.`tahun`,'6.3.',`a`.`id_jenis_apbd`) `a` join `kode_urut` `b` on(`a`.`kode` = `b`.`no_urut`)) join `jenis_apbd` `c` on(`a`.`id_jenis_apbd` = `c`.`id`)) left join `kode_level` `d` on(`b`.`id_kode_level` = `d`.`id`)) where `b`.`id_kode_level` in (1,2,3) order by `a`.`tahun`,`b`.`no_urut`)  ;

-- --------------------------------------------------------

--
-- Struktur untuk view `lampiran1_lkpd`
--
DROP TABLE IF EXISTS `lampiran1_lkpd`;

CREATE ALGORITHM=UNDEFINED DEFINER=`root`@`localhost` SQL SECURITY DEFINER VIEW `lampiran1_lkpd`  AS   (select `kc`.`id_kode_level` AS `id_kode_level`,`a`.`tahun_lkpd` AS `tahun_lkpd`,`a`.`kode` AS `kode`,`kc`.`uraian` AS `uraian`,`a`.`anggaran` AS `anggaran`,`a`.`realisasi` AS `realisasi`,case when `a`.`anggaran` = 0 then 0 else `a`.`anggaran` - `a`.`realisasi` end AS `sisa_anggaran`,case when `a`.`anggaran` = 0 then 0 else `a`.`realisasi` / `a`.`anggaran` * 100 end AS `persentase` from ((select `la`.`tahun_lkpd` AS `tahun_lkpd`,left(`kc`.`kode_catatan`,2) AS `kode`,sum(`la`.`jumlah_anggaran`) AS `anggaran`,sum(`la`.`jumlah_realisasi`) AS `realisasi` from (`lkpd_apbd_lampiran_1` `la` join `kode_catatan` `kc` on(`la`.`id_kode_catatan` = `kc`.`id`)) group by `la`.`tahun_lkpd`,left(`kc`.`kode_catatan`,2) union all select `la`.`tahun_lkpd` AS `tahun_lkpd`,left(`kc`.`kode_catatan`,4) AS `kode`,sum(`la`.`jumlah_anggaran`) AS `anggaran`,sum(`la`.`jumlah_realisasi`) AS `realisasi` from (`lkpd_apbd_lampiran_1` `la` join `kode_catatan` `kc` on(`la`.`id_kode_catatan` = `kc`.`id`)) group by `la`.`tahun_lkpd`,left(`kc`.`kode_catatan`,4) union all select `la`.`tahun_lkpd` AS `tahun_lkpd`,`kc`.`kode_catatan` AS `kode`,sum(`la`.`jumlah_anggaran`) AS `anggaran`,sum(`la`.`jumlah_realisasi`) AS `realisasi` from (`lkpd_apbd_lampiran_1` `la` join `kode_catatan` `kc` on(`la`.`id_kode_catatan` = `kc`.`id`)) group by `la`.`tahun_lkpd`,`kc`.`kode_catatan` union all select `la`.`tahun_lkpd` AS `tahun_lkpd`,'333330' AS `kode`,sum(case when left(`kc`.`kode_catatan`,2) = '2.' then `la`.`jumlah_anggaran` else 0 end) + sum(case when left(`kc`.`kode_catatan`,2) = '3.' then `la`.`jumlah_anggaran` else 0 end) AS `anggaran`,sum(case when left(`kc`.`kode_catatan`,2) = '2.' then `la`.`jumlah_realisasi` else 0 end) + sum(case when left(`kc`.`kode_catatan`,2) = '3.' then `la`.`jumlah_realisasi` else 0 end) AS `realisasi` from (`lkpd_apbd_lampiran_1` `la` join `kode_catatan` `kc` on(`la`.`id_kode_catatan` = `kc`.`id`)) group by `la`.`tahun_lkpd`,'333330' union all select `la`.`tahun_lkpd` AS `tahun_lkpd`,'333331' AS `kode`,sum(case when left(`kc`.`kode_catatan`,2) = '1.' then `la`.`jumlah_anggaran` else 0 end) - (sum(case when left(`kc`.`kode_catatan`,2) = '2.' then `la`.`jumlah_anggaran` else 0 end) + sum(case when left(`kc`.`kode_catatan`,2) = '3.' then `la`.`jumlah_anggaran` else 0 end)) AS `anggaran`,sum(case when left(`kc`.`kode_catatan`,2) = '1.' then `la`.`jumlah_realisasi` else 0 end) - (sum(case when left(`kc`.`kode_catatan`,2) = '2.' then `la`.`jumlah_realisasi` else 0 end) + sum(case when left(`kc`.`kode_catatan`,2) = '3.' then `la`.`jumlah_realisasi` else 0 end)) AS `realisasi` from (`lkpd_apbd_lampiran_1` `la` join `kode_catatan` `kc` on(`la`.`id_kode_catatan` = `kc`.`id`)) group by `la`.`tahun_lkpd`,'333331' union all select `la`.`tahun_lkpd` AS `tahun_lkpd`,'444441' AS `kode`,sum(case when left(`kc`.`kode_catatan`,2) = '1.' then `la`.`jumlah_anggaran` else 0 end) - (sum(case when left(`kc`.`kode_catatan`,2) = '2.' then `la`.`jumlah_anggaran` else 0 end) + sum(case when left(`kc`.`kode_catatan`,2) = '3.' then `la`.`jumlah_anggaran` else 0 end)) + (sum(case when left(`kc`.`kode_catatan`,4) = '4.1.' then `la`.`jumlah_anggaran` else 0 end) - sum(case when left(`kc`.`kode_catatan`,4) = '4.2.' then `la`.`jumlah_anggaran` else 0 end)) AS `anggaran`,sum(case when left(`kc`.`kode_catatan`,2) = '1.' then `la`.`jumlah_realisasi` else 0 end) - (sum(case when left(`kc`.`kode_catatan`,2) = '2.' then `la`.`jumlah_realisasi` else 0 end) + sum(case when left(`kc`.`kode_catatan`,2) = '3.' then `la`.`jumlah_realisasi` else 0 end)) + (sum(case when left(`kc`.`kode_catatan`,4) = '4.1.' then `la`.`jumlah_realisasi` else 0 end) - sum(case when left(`kc`.`kode_catatan`,4) = '4.2.' then `la`.`jumlah_realisasi` else 0 end)) AS `realisasi` from (`lkpd_apbd_lampiran_1` `la` join `kode_catatan` `kc` on(`la`.`id_kode_catatan` = `kc`.`id`)) group by `la`.`tahun_lkpd`,'444441' union all select `la`.`tahun_lkpd` AS `tahun_lkpd`,'444440' AS `kode`,sum(case when left(`kc`.`kode_catatan`,4) = '4.1.' then `la`.`jumlah_anggaran` else 0 end) - sum(case when left(`kc`.`kode_catatan`,4) = '4.2.' then `la`.`jumlah_anggaran` else 0 end) AS `anggaran`,sum(case when left(`kc`.`kode_catatan`,4) = '4.1.' then `la`.`jumlah_realisasi` else 0 end) - sum(case when left(`kc`.`kode_catatan`,4) = '4.2.' then `la`.`jumlah_realisasi` else 0 end) AS `realisasi` from (`lkpd_apbd_lampiran_1` `la` join `kode_catatan` `kc` on(`la`.`id_kode_catatan` = `kc`.`id`)) group by `la`.`tahun_lkpd`,'444440') `a` left join `kode_catatan` `kc` on(`a`.`kode` = `kc`.`kode_catatan`)) order by `a`.`tahun_lkpd`,`a`.`kode`)  ;

--
-- Indexes for dumped tables
--

--
-- Indeks untuk tabel `apbd_lampiran_1`
--
ALTER TABLE `apbd_lampiran_1`
  ADD PRIMARY KEY (`id`);

--
-- Indeks untuk tabel `jenis_apbd`
--
ALTER TABLE `jenis_apbd`
  ADD PRIMARY KEY (`id`);

--
-- Indeks untuk tabel `kode_catatan`
--
ALTER TABLE `kode_catatan`
  ADD PRIMARY KEY (`id`);

--
-- Indeks untuk tabel `kode_level`
--
ALTER TABLE `kode_level`
  ADD PRIMARY KEY (`id`);

--
-- Indeks untuk tabel `kode_urut`
--
ALTER TABLE `kode_urut`
  ADD PRIMARY KEY (`id`);

--
-- Indeks untuk tabel `lkpd_apbd_lampiran_1`
--
ALTER TABLE `lkpd_apbd_lampiran_1`
  ADD PRIMARY KEY (`id`);

--
-- Indeks untuk tabel `pajak_daerah`
--
ALTER TABLE `pajak_daerah`
  ADD PRIMARY KEY (`id`);

--
-- AUTO_INCREMENT untuk tabel yang dibuang
--

--
-- AUTO_INCREMENT untuk tabel `apbd_lampiran_1`
--
ALTER TABLE `apbd_lampiran_1`
  MODIFY `id` int(11) NOT NULL AUTO_INCREMENT, AUTO_INCREMENT=76;

--
-- AUTO_INCREMENT untuk tabel `jenis_apbd`
--
ALTER TABLE `jenis_apbd`
  MODIFY `id` int(11) NOT NULL AUTO_INCREMENT, AUTO_INCREMENT=13;

--
-- AUTO_INCREMENT untuk tabel `kode_catatan`
--
ALTER TABLE `kode_catatan`
  MODIFY `id` int(5) NOT NULL AUTO_INCREMENT, AUTO_INCREMENT=79;

--
-- AUTO_INCREMENT untuk tabel `kode_level`
--
ALTER TABLE `kode_level`
  MODIFY `id` int(11) NOT NULL AUTO_INCREMENT, AUTO_INCREMENT=8;

--
-- AUTO_INCREMENT untuk tabel `kode_urut`
--
ALTER TABLE `kode_urut`
  MODIFY `id` int(11) NOT NULL AUTO_INCREMENT, AUTO_INCREMENT=68;

--
-- AUTO_INCREMENT untuk tabel `lkpd_apbd_lampiran_1`
--
ALTER TABLE `lkpd_apbd_lampiran_1`
  MODIFY `id` int(11) NOT NULL AUTO_INCREMENT, AUTO_INCREMENT=397;

--
-- AUTO_INCREMENT untuk tabel `pajak_daerah`
--
ALTER TABLE `pajak_daerah`
  MODIFY `id` int(5) NOT NULL AUTO_INCREMENT;
COMMIT;

/*!40101 SET CHARACTER_SET_CLIENT=@OLD_CHARACTER_SET_CLIENT */;
/*!40101 SET CHARACTER_SET_RESULTS=@OLD_CHARACTER_SET_RESULTS */;
/*!40101 SET COLLATION_CONNECTION=@OLD_COLLATION_CONNECTION */;
