-- phpMyAdmin SQL Dump
-- version 5.0.3
-- https://www.phpmyadmin.net/
--
-- Host: 127.0.0.1
-- Waktu pembuatan: 18 Jun 2025 pada 17.08
-- Versi server: 10.4.14-MariaDB
-- Versi PHP: 7.4.11

SET SQL_MODE = "NO_AUTO_VALUE_ON_ZERO";
START TRANSACTION;
SET time_zone = "+00:00";


/*!40101 SET @OLD_CHARACTER_SET_CLIENT=@@CHARACTER_SET_CLIENT */;
/*!40101 SET @OLD_CHARACTER_SET_RESULTS=@@CHARACTER_SET_RESULTS */;
/*!40101 SET @OLD_COLLATION_CONNECTION=@@COLLATION_CONNECTION */;
/*!40101 SET NAMES utf8mb4 */;

--
-- Database: `stat_provinsi_riau`
--

-- --------------------------------------------------------

--
-- Struktur dari tabel `apbd_lampiran_1`
--

CREATE TABLE `apbd_lampiran_1` (
  `id` int(11) NOT NULL,
  `tahun` int(5) DEFAULT NULL,
  `id_kode_urut` int(5) DEFAULT NULL,
  `jumlah` float DEFAULT NULL,
  `id_jenis_apbd` int(5) DEFAULT NULL
) ENGINE=InnoDB DEFAULT CHARSET=utf8mb4;

-- --------------------------------------------------------

--
-- Struktur dari tabel `jenis_apbd`
--

CREATE TABLE `jenis_apbd` (
  `id` int(11) NOT NULL,
  `uraian` varchar(255) DEFAULT NULL,
  `akronim` varchar(255) DEFAULT NULL
) ENGINE=InnoDB DEFAULT CHARSET=utf8mb4;

--
-- Dumping data untuk tabel `jenis_apbd`
--

INSERT INTO `jenis_apbd` (`id`, `uraian`, `akronim`) VALUES
(1, 'APBD INDUK', 'Induk'),
(2, 'APBD Perubahan', 'APBDP'),
(3, 'APBD Pergeseran Pertama', 'APBDP01'),
(4, 'APBD Pergeseran Kedua', 'APBDP02'),
(5, 'APBD Pergeseran Ketiga', 'APBDP03');

-- --------------------------------------------------------

--
-- Struktur dari tabel `kode_catatan`
--

CREATE TABLE `kode_catatan` (
  `id` int(5) NOT NULL,
  `kode_catatan` varchar(255) DEFAULT NULL,
  `uraian` varchar(1024) DEFAULT NULL,
  `id_kode_level` int(2) DEFAULT NULL
) ENGINE=InnoDB DEFAULT CHARSET=utf8mb4;

--
-- Dumping data untuk tabel `kode_catatan`
--

INSERT INTO `kode_catatan` (`id`, `kode_catatan`, `uraian`, `id_kode_level`) VALUES
(1, '1.', 'PENDAPATAN', 1),
(2, '1.1.', 'PENDAPATAN ASLI DAERAH', 2),
(3, '1.1.1.', 'Pendapatan Pajak Daerah', 3),
(4, '1.1.2.', 'Pendapatan Retribusi Daerah', 3),
(5, '1.1.3.', 'Pendapatan Hasil Pengelolaan Kekayaan Daerah Yang Dipisahkan', 3),
(6, '1.1.4.', 'Lain-lain PAD Yang Sah', 3),
(11, '1.2.', 'PENDAPATAN TRANSFER PEMERINTAH PUSAT - DANA PERIMBANGAN', 2),
(12, '1.2.3.', 'Dana Bagi Hasil', 3),
(13, '1.2.4.', 'Dana Alokasi Umum', 3),
(14, '1.2.6.', 'Dana Alokasi Khusus - Fisik', 3),
(15, '1.2.7.', 'Dana Alokasi Khusus - Non Fisik', 3),
(16, '1.3.', 'PENDAPATAN TRANSFER PEMERINTAH PUSAT - LAINNYA', 2),
(17, '1.3.1.', 'Dana Insentif Daerah (DID)', 3),
(18, '1.4.', 'LAIN-LAIN PENDAPATAN DAERAH YANG SAH', 2),
(19, '1.4.1.', 'Pendapatan Hibah', 3),
(20, '1.4.2.', 'Pendapatan Dana Darurat', 3),
(21, '1.4.3.', 'Pendapatan Lainnya', 3),
(22, '2.', 'BELANJA', 1),
(23, '2.1.', 'BELANJA OPERASI', 2),
(24, '2.1.1.', 'Belanja Pegawai', 3),
(25, '2.1.2.', 'Belanja Barang dan Jasa', 3),
(26, '2.1.3.', 'Belanja Bunga', 3),
(27, '2.1.4.', 'Belanja Subsidi', 3),
(28, '2.1.5.', 'Belanja Hibah', 3),
(29, '2.1.6.', 'Belanja Bantuan Sosial', 3),
(30, '2.2.', 'BELANJA MODAL', 2),
(31, '2.2.1.', 'Belanja Modal Tanah', 3),
(32, '2.2.2.', 'Belanja Modal Peralatan dan Mesin', 3),
(33, '2.2.3.', 'Belanja Modal Gedung dan Bangunan', 3),
(34, '2.2.4.', 'Belanja Modal Jalan, Irigasi dan Jaringan', 3),
(35, '2.2.5.', 'Belanja Modal Aset Tetap Lainnya', 3),
(36, '2.2.6.', 'Belanja Modal Aset Lainnya', 3),
(37, '2.3.', 'BELANJA TAK TERDUGA', 2),
(38, '2.3.1.', 'Belanja Tak Terduga', 3),
(39, '3.', 'TRANSFER', 1),
(40, '3.1.', 'TRANSFER - BAGI HASIL PENDAPATAN KE KAB/KOTA', 2),
(41, '3.1.1.', 'Bagi Hasil Pajak ke Kabupaten/Kota', 3),
(42, '3.1.2.', 'Bagi Hasil Retribusi ke Kabupaten/Kota', 3),
(43, '3.1.3.', 'Bagi Hasil Pendapatan Lainnya ke Kabupaten/Kota', 3),
(44, '3.2.', 'TRANSFER - BANTUAN KEUANGAN', 2),
(45, '3.2.1.', 'Bantuan Keuangan ke Pemerintah Daerah Lainnya', 3),
(46, '3.2.3.', 'Bantuan Keuangan ke Desa', 3),
(47, '3.2.4.', 'Bantuan Keuangan Lainnya', 3),
(48, '4.', 'PEMBIAYAAN', 1),
(49, '4.1.', 'PENERIMAAN PEMBIAYAAN', 2),
(50, '4.1.1.', 'Penggunaan SILPA', 3),
(51, '4.1.2.', 'Pencairan Dana Cadangan', 3),
(52, '4.1.3.', 'Penerimaan Pinjaman Daerah dan Obligasi Daerah', 3),
(53, '1.2.1.', 'Dana Bagi Hasil Pajak', 3),
(54, '1.2.2.', 'Dana Bagi Hasil Sumber Daya Alam', 3),
(55, '1.2.5.', 'Dana Alokasi Khusus', 3),
(56, '1.3.2.', 'Dana Penyesuaian', 3),
(57, '4.1.4.', 'Penerimaan Kembali Pemberian Pinjaman Daerah', 3),
(58, '4.2.', 'PENGELUARAN PEMBIAYAAN', 2),
(59, '4.2.1.', 'Penyertaan Modal Pemerintah Daerah', 3),
(60, '333330', 'JUMLAH BELANJA DAN TRANSFER', 1),
(61, '333331', 'SURPLUS/DEFISIT', 1),
(62, '444440', 'PEMBIAYAAN NETT0', 1),
(63, '444441', 'Sisa Lebih Pembiayaan Anggaran (SILPA)', 1),
(64, '4.1.5.', 'Penerimaan Kembali Investasi Non Permanen', 3),
(65, '3.2.2.', 'Bantuan Keuangan ke Kab/Kota', 3),
(66, '3.2.5.', 'Bantuan Keuangan ke Partai Politik', 3);

-- --------------------------------------------------------

--
-- Struktur dari tabel `kode_level`
--

CREATE TABLE `kode_level` (
  `id` int(11) NOT NULL,
  `nama_level` varchar(255) DEFAULT NULL,
  `akronim` varchar(255) DEFAULT NULL
) ENGINE=InnoDB DEFAULT CHARSET=utf8mb4;

--
-- Dumping data untuk tabel `kode_level`
--

INSERT INTO `kode_level` (`id`, `nama_level`, `akronim`) VALUES
(1, 'Akun', 'Akn'),
(2, 'Kelompok', 'Klp'),
(3, 'Jenis', 'Jns');

-- --------------------------------------------------------

--
-- Struktur dari tabel `kode_urut`
--

CREATE TABLE `kode_urut` (
  `id` int(11) NOT NULL,
  `no_urut` varchar(6) DEFAULT NULL,
  `uraian` varchar(255) DEFAULT NULL,
  `id_kode_level` int(11) DEFAULT NULL
) ENGINE=InnoDB DEFAULT CHARSET=utf8mb4;

--
-- Dumping data untuk tabel `kode_urut`
--

INSERT INTO `kode_urut` (`id`, `no_urut`, `uraian`, `id_kode_level`) VALUES
(1, '4.', 'PENDAPATAN DAERAH', 1),
(2, '4.1.', 'PENDAPATAN ASLI DAERAH', 2),
(3, '4.1.1.', 'Pajak Daerah', 3),
(4, '4.1.2.', 'Retribusi Daerah', 3),
(5, '4.1.3.', 'Hasil Pengelolaan Kekayaan Daerah Yang Dipisahkan', 3),
(6, '4.1.4.', 'Lain-lain Pendapatan Asli Daerah Yang Sah', 3),
(7, '4.2.', 'DANA PERIMBANGAN', 2),
(8, '4.2.1.', 'Bagi Hasil Pajak/Bagi Hasil Bukan Pajak', 3),
(9, '4.2.2.', 'Dana Alokasi Umum', 3),
(10, '4.2.3.', 'Dana Alokasi Khusus', 3),
(11, '4.3.', 'LAIN-LAIN PENDAPATAN DAERAH YANG SAH', 2),
(12, '4.3.1.', 'Pendapatan Hibah', 3),
(15, '4.3.4.', 'Dana Penyesuaian dan Otonomi Khusus', 3),
(16, '5.', 'BELANJA DAERAH', 1),
(17, '5.1.', 'BELANJA TIDAK LANGSUNG', 2),
(18, '5.1.1.', 'Belanja Pegawai', 3),
(21, '5.1.4.', 'Belanja Hibah', 3),
(22, '5.1.6.', 'Belanja Bagi Hasil Kepada Provinsi/Kabupaten/Kota dan Pemerintahan Desa', 3),
(23, '5.1.7.', 'Belanja Bantuan Keuangan Kepada Provinsi/Kabupaten/Kota dan Pemerintahan Desa', 3),
(24, '5.1.8.', 'Belanja Tidak Terduga', 3),
(25, '5.2.', 'BELANJA LANGSUNG', 2),
(26, '5.2.1.', 'Belanja Pegawai', 3),
(27, '5.2.2.', 'Belanja Barang dan Jasa', 3),
(28, '5.2.3.', 'Belanja Modal', 3),
(30, '6.', 'PEMBIAYAAN DAERAH', 1),
(31, '6.1.', 'Penerimaan Pembiayaan Daerah', 2),
(32, '6.1.1.', 'Sisa Lebih Perhitungan Anggaran Daerah Tahun Sebelumnya', 3),
(33, '6.1.5.', 'Penerimaan Kembali Pemberian Pinjaman', 3);

-- --------------------------------------------------------

--
-- Struktur dari tabel `lkpd_apbd_lampiran_1`
--

CREATE TABLE `lkpd_apbd_lampiran_1` (
  `id` int(11) NOT NULL,
  `tahun_lkpd` int(5) DEFAULT NULL,
  `id_kode_catatan` int(5) DEFAULT NULL,
  `jumlah_anggaran` decimal(18,2) DEFAULT NULL,
  `jumlah_realisasi` decimal(18,2) DEFAULT NULL
) ENGINE=InnoDB DEFAULT CHARSET=utf8mb4;

--
-- Dumping data untuk tabel `lkpd_apbd_lampiran_1`
--

INSERT INTO `lkpd_apbd_lampiran_1` (`id`, `tahun_lkpd`, `id_kode_catatan`, `jumlah_anggaran`, `jumlah_realisasi`) VALUES
(13, 2023, 3, '4365532859053.00', '4412361453766.84'),
(14, 2023, 4, '18586888850.00', '17145487538.50'),
(15, 2023, 5, '954288533724.00', '948660382439.65'),
(16, 2023, 6, '462676053980.00', '513438419227.22'),
(17, 2023, 12, '1832034058592.00', '1536866672146.00'),
(18, 2023, 13, '1506322398000.00', '1506286541167.00'),
(19, 2023, 14, '303091172000.00', '295138574452.00'),
(20, 2023, 15, '761964490000.00', '749456374741.00'),
(21, 2023, 17, '21547646000.00', '21547646000.00'),
(22, 2023, 19, '8992680000.00', '9078040000.00'),
(23, 2023, 24, '2609355838396.00', '2549829683419.00'),
(24, 2023, 25, '2930933681961.00', '2811156492698.00'),
(25, 2023, 28, '396745845167.00', '390363362858.00'),
(26, 2023, 29, '35816280000.00', '35430670000.00'),
(27, 2023, 31, '17738404000.00', '16531477000.00'),
(28, 2023, 33, '407378302771.00', '391132240152.00'),
(29, 2023, 34, '1240049557979.00', '1195568098007.00'),
(30, 2023, 35, '57849163180.00', '57537651640.00'),
(31, 2023, 36, '4521283605.00', '1075029880.00'),
(32, 2023, 38, '18064238270.00', '249778000.00'),
(33, 2023, 41, '2083597551764.00', '2083597551764.00'),
(34, 2023, 45, '290103855241.00', '288344360586.00'),
(35, 2023, 46, '278425000000.00', '273669947239.00'),
(36, 2022, 3, '3784151194784.00', '4054918904730.36'),
(37, 2022, 4, '15643150000.00', '16684961995.00'),
(38, 2022, 5, '519395517928.00', '101607146246.00'),
(39, 2022, 6, '535313362878.00', '523558066938.81'),
(40, 2022, 53, '1010945591997.00', '980345920625.00'),
(41, 2022, 54, '577425660956.00', '684185142090.00'),
(42, 2022, 13, '1452245879000.00', '1452245879000.00'),
(43, 2022, 55, '1015472317871.00', '956328413490.00'),
(44, 2022, 56, '28561370000.00', '40001129000.00'),
(45, 2022, 19, '9047115000.00', '8794200000.00'),
(46, 2022, 24, '2405237030930.00', '2318631227769.00'),
(47, 2022, 25, '3081216285435.00', '2826881501749.42'),
(48, 2022, 28, '346639306442.00', '314456061193.75'),
(49, 2022, 29, '44801470000.00', '41739310000.00'),
(50, 2022, 32, '397773479380.00', '364092775625.82'),
(51, 2022, 33, '347975821362.00', '289084106026.11'),
(52, 2022, 34, '1022690144407.00', '807750958592.66'),
(53, 2022, 35, '45283168041.00', '45348812861.00'),
(54, 2022, 36, '2563990775.00', '2257760995.00'),
(55, 2022, 38, '19726571303.00', '9830848980.00'),
(56, 2022, 41, '1665840182461.00', '1665840182459.62'),
(57, 2022, 45, '188770807600.00', '178765480648.00'),
(58, 2022, 46, '238650000000.00', '237788395921.00'),
(59, 2022, 50, '983967097722.00', '983965015721.62'),
(60, 2022, 57, '0.00', '91583750.00'),
(61, 2022, 59, '125000000000.00', '125000000000.00'),
(62, 2023, 32, '439992705394.00', '421123195861.00'),
(63, 2023, 50, '575534927529.00', '574705203139.41'),
(64, 2023, 64, '0.00', '36109553.00'),
(65, 2021, 3, '3312414331190.00', '3327500336694.85'),
(66, 2021, 4, '17215784040.00', '13790515597.00'),
(67, 2021, 5, '117402606804.00', '117417430069.00'),
(68, 2021, 6, '567645306912.00', '591760278782.59'),
(69, 2021, 53, '1172066030292.00', '1394547926246.00'),
(70, 2021, 54, '426037614186.00', '446588672066.00'),
(71, 2021, 13, '1455383959000.00', '1455383959000.00'),
(72, 2021, 55, '2080321584000.00', '1995755980446.00'),
(73, 2021, 56, '32468699000.00', '32468699000.00'),
(74, 2021, 19, '2735000000.00', '7787710004.00'),
(75, 2021, 24, '2318661485990.00', '2213182776667.00'),
(76, 2021, 25, '2749750400302.00', '2448186175191.09'),
(77, 2021, 28, '1396520518425.00', '1349812571315.43'),
(78, 2021, 29, '61529530000.00', '51810530000.00'),
(79, 2021, 31, '801982178.00', '801221880.00'),
(80, 2021, 32, '340432504177.00', '259296406464.29'),
(81, 2021, 33, '280525464255.00', '239980341418.23'),
(82, 2021, 34, '577701191645.00', '470432878695.85'),
(83, 2021, 35, '50098377517.00', '47944229795.00'),
(84, 2021, 38, '46373907506.00', '245808686.00'),
(85, 2021, 41, '1512628905875.00', '1498191320346.70'),
(86, 2021, 45, '221250637000.00', '193927652104.96'),
(87, 2021, 46, '159100000000.00', '157892253886.00'),
(88, 2021, 50, '531683989446.00', '531683989445.73'),
(89, 2021, 57, '0.00', '985766821.00'),
(90, 2020, 3, '2830582119760.60', '2783421363943.00'),
(91, 2020, 4, '11972050613.00', '12480391250.00'),
(92, 2020, 5, '88442501751.00', '88442501751.00'),
(93, 2020, 6, '385669657420.45', '448831775553.57'),
(94, 2020, 53, '851559336036.00', '757212987667.00'),
(95, 2020, 54, '1078030978417.00', '1075685391564.00'),
(96, 2020, 13, '1439451620000.00', '1432349278000.00'),
(97, 2020, 55, '2027730641000.00', '2000906541174.00'),
(98, 2020, 56, '20243618000.00', '20243618000.00'),
(99, 2020, 19, '3251000000.00', '3251000004.00'),
(100, 2020, 24, '2357537903713.13', '2153065317382.00'),
(101, 2020, 25, '2263891179335.35', '2077147295142.17'),
(102, 2020, 28, '1314397460719.00', '1270812795429.70'),
(103, 2020, 29, '34879928240.00', '29005785174.00'),
(104, 2020, 31, '10893741867.00', '10060769600.00'),
(105, 2020, 32, '367581163760.26', '281774431712.00'),
(106, 2020, 33, '188309940349.24', '172213274099.21'),
(107, 2020, 34, '447915536941.67', '403654823625.31'),
(108, 2020, 35, '52118185587.00', '51395454534.00'),
(109, 2020, 36, '150800000.00', '146840000.00'),
(110, 2020, 38, '121468496949.95', '99091636754.00'),
(111, 2020, 41, '1194074600669.92', '1194074600669.92'),
(112, 2020, 45, '329695700000.00', '295460920473.00'),
(113, 2020, 46, '135235000000.00', '134802530000.00'),
(114, 2020, 50, '81216115134.47', '81216115134.47'),
(115, 2020, 64, '0.00', '349500000.00'),
(116, 2019, 3, '3124921490773.74', '2989749791033.00'),
(117, 2019, 4, '19171327000.00', '15741302452.00'),
(118, 2019, 5, '138312608248.80', '118530642555.72'),
(119, 2019, 6, '326660496044.11', '434188849299.25'),
(120, 2019, 53, '974399699902.00', '808563767820.00'),
(121, 2019, 54, '1275907149763.00', '865867792390.00'),
(122, 2019, 13, '1548578928000.00', '1548578928000.00'),
(123, 2019, 55, '2005071702203.00', '1913695539610.00'),
(124, 2019, 56, '9847994000.00', '4923997000.00'),
(125, 2019, 19, '3192000000.00', '3392000000.00'),
(126, 2019, 24, '2399151090706.07', '2290742770387.00'),
(127, 2019, 25, '2290145438593.89', '2020341078308.34'),
(128, 2019, 28, '1290344413040.00', '1263951416257.66'),
(129, 2019, 29, '123828770100.00', '116769703381.82'),
(130, 2019, 31, '15200000000.00', '6640180000.00'),
(131, 2019, 32, '363214592968.00', '258889462175.88'),
(132, 2019, 33, '255628167272.00', '164110251800.23'),
(133, 2019, 34, '796297639742.59', '675172132543.07'),
(134, 2019, 35, '57568178835.00', '55936413333.00'),
(135, 2019, 36, '943300000.00', '289029000.00'),
(136, 2019, 38, '38558191574.18', '271318886.00'),
(137, 2019, 41, '1422100342694.12', '1404733869544.70'),
(138, 2019, 45, '118497849250.00', '111882464699.00'),
(139, 2019, 46, '318200000000.00', '317456000000.00'),
(140, 2019, 47, '4648277250.00', '3204860800.00'),
(141, 2019, 50, '67883336797.20', '68262856091.20'),
(142, 2019, 64, '379519294.00', '111600000.00'),
(143, 2018, 3, '3203607923218.25', '3075986228121.37'),
(144, 2018, 4, '15731231600.00', '10701497839.00'),
(145, 2018, 5, '218000000000.00', '132226350700.33'),
(146, 2018, 6, '526625304321.00', '420081663460.45'),
(147, 2018, 53, '1060950200947.00', '856660641569.00'),
(148, 2018, 54, '1038495645034.00', '864950038139.00'),
(149, 2018, 13, '1434458151000.00', '1465117719834.00'),
(150, 2018, 55, '1728536844000.00', '1641194885303.00'),
(151, 2018, 56, '7500000000.00', '9000000000.00'),
(152, 2018, 19, '2975000000.00', '3072000000.00'),
(153, 2018, 24, '2474869192413.73', '2235484329647.00'),
(154, 2018, 25, '2252717293248.28', '1812680671001.32'),
(155, 2018, 28, '1847773547709.78', '1703502799118.14'),
(156, 2018, 29, '12696775000.00', '10668685000.00'),
(157, 2018, 31, '10771820000.00', '159262000.00'),
(158, 2018, 32, '381896916310.50', '215092697146.50'),
(159, 2018, 33, '482824565183.00', '160483736905.00'),
(160, 2018, 35, '52492036350.00', '51903370141.00'),
(161, 2018, 36, '17434545000.00', '15487300150.00'),
(162, 2018, 34, '860497183072.87', '603726354574.32'),
(163, 2018, 38, '10037504791.13', '0.00'),
(164, 2018, 41, '1499859502679.48', '1275322485759.80'),
(165, 2018, 65, '261744618038.62', '224411788599.33'),
(166, 2018, 46, '159200000000.00', '159000000000.00'),
(167, 2018, 66, '1636578750.00', '1636578750.00'),
(168, 2018, 50, '1089571778427.14', '58452370623.46'),
(169, 2018, 64, '0.00', '379519294.00'),
(170, 2017, 3, '3020000000000.00', '2755328120455.51'),
(171, 2017, 4, '16000000000.00', '12542983024.00'),
(172, 2017, 5, '288000000000.00', '124105583420.88'),
(173, 2017, 6, '535298000000.00', '468032288298.90'),
(174, 2017, 53, '991636221947.00', '723990115662.00'),
(175, 2017, 54, '1041896614034.00', '749548072933.00'),
(176, 2017, 13, '1457997067000.00', '1457997067000.00'),
(177, 2017, 55, '1701454954000.00', '1607851461589.00'),
(178, 2017, 19, '3125000000.00', '3078000000.00'),
(179, 2017, 24, '2762652671925.99', '2353287722061.00'),
(180, 2017, 25, '2000707113673.26', '1800556344538.58'),
(181, 2017, 28, '1315983454176.24', '1282813177818.24'),
(182, 2017, 29, '10139500000.00', '3411660000.00'),
(183, 2017, 31, '8941858400.00', '4181619858.00'),
(184, 2017, 32, '382587516593.74', '301289932586.37'),
(185, 2017, 33, '446383809456.28', '413847958273.28'),
(186, 2017, 34, '1338688256371.38', '1209132310029.10'),
(187, 2017, 35, '2351090500.00', '957032500.00'),
(188, 2017, 36, '13484004600.00', '11806328600.00'),
(189, 2017, 38, '10404619200.00', '0.00'),
(190, 2017, 41, '1407720050148.90', '1198374850778.79'),
(191, 2017, 65, '696922133722.52', '607446467894.78'),
(192, 2017, 66, '1636578750.00', '1636578750.00'),
(193, 2017, 50, '1343194800537.31', '1343194800568.31'),
(194, 2017, 64, '0.00', '1525861360.00'),
(195, 2016, 3, '2765548893131.13', '2417976745564.49'),
(196, 2016, 4, '11000000000.00', '12444464361.00'),
(197, 2016, 5, '218600000000.00', '83335007605.09'),
(198, 2016, 6, '501000000000.00', '596899922225.94'),
(199, 2016, 53, '824052177000.00', '836925397090.00'),
(200, 2016, 54, '870626478000.00', '827647310345.00'),
(201, 2016, 13, '604165428616.00', '738378736825.00'),
(202, 2016, 55, '1437162236000.00', '1421530289075.00'),
(203, 2016, 56, '5000000000.00', '5000000000.00'),
(204, 2016, 19, '2825000000.00', '2788800000.00'),
(205, 2016, 24, '1499633486590.38', '1295797050729.02'),
(206, 2016, 25, '2102494961093.12', '1776989516348.54'),
(207, 2016, 28, '1533135762244.62', '1477232708172.64'),
(208, 2016, 29, '10260040000.00', '6870120000.00'),
(209, 2016, 31, '1185080000.00', '0.00');

--
-- Indexes for dumped tables
--

--
-- Indeks untuk tabel `apbd_lampiran_1`
--
ALTER TABLE `apbd_lampiran_1`
  ADD PRIMARY KEY (`id`);

--
-- Indeks untuk tabel `jenis_apbd`
--
ALTER TABLE `jenis_apbd`
  ADD PRIMARY KEY (`id`);

--
-- Indeks untuk tabel `kode_catatan`
--
ALTER TABLE `kode_catatan`
  ADD PRIMARY KEY (`id`);

--
-- Indeks untuk tabel `kode_level`
--
ALTER TABLE `kode_level`
  ADD PRIMARY KEY (`id`);

--
-- Indeks untuk tabel `kode_urut`
--
ALTER TABLE `kode_urut`
  ADD PRIMARY KEY (`id`);

--
-- Indeks untuk tabel `lkpd_apbd_lampiran_1`
--
ALTER TABLE `lkpd_apbd_lampiran_1`
  ADD PRIMARY KEY (`id`);

--
-- AUTO_INCREMENT untuk tabel yang dibuang
--

--
-- AUTO_INCREMENT untuk tabel `apbd_lampiran_1`
--
ALTER TABLE `apbd_lampiran_1`
  MODIFY `id` int(11) NOT NULL AUTO_INCREMENT;

--
-- AUTO_INCREMENT untuk tabel `jenis_apbd`
--
ALTER TABLE `jenis_apbd`
  MODIFY `id` int(11) NOT NULL AUTO_INCREMENT, AUTO_INCREMENT=13;

--
-- AUTO_INCREMENT untuk tabel `kode_catatan`
--
ALTER TABLE `kode_catatan`
  MODIFY `id` int(5) NOT NULL AUTO_INCREMENT, AUTO_INCREMENT=67;

--
-- AUTO_INCREMENT untuk tabel `kode_level`
--
ALTER TABLE `kode_level`
  MODIFY `id` int(11) NOT NULL AUTO_INCREMENT, AUTO_INCREMENT=6;

--
-- AUTO_INCREMENT untuk tabel `kode_urut`
--
ALTER TABLE `kode_urut`
  MODIFY `id` int(11) NOT NULL AUTO_INCREMENT, AUTO_INCREMENT=48;

--
-- AUTO_INCREMENT untuk tabel `lkpd_apbd_lampiran_1`
--
ALTER TABLE `lkpd_apbd_lampiran_1`
  MODIFY `id` int(11) NOT NULL AUTO_INCREMENT, AUTO_INCREMENT=210;
COMMIT;

/*!40101 SET CHARACTER_SET_CLIENT=@OLD_CHARACTER_SET_CLIENT */;
/*!40101 SET CHARACTER_SET_RESULTS=@OLD_CHARACTER_SET_RESULTS */;
/*!40101 SET COLLATION_CONNECTION=@OLD_COLLATION_CONNECTION */;
